orig,stand
shew,show
capt,captain
doth,does
com,come
aud,and
despatch,dispatch
cwt,cat
haue,have
shewn,shown
expence,expense
publick,public
spake,spoke
ofthe,of the
sed,said
drawingroom,drawing room
tyme,time
attorneygeneral,attorney general
vnto,unto
halfyear,half year
firstclass,first class
majorgeneral,major general
antient,ancient
fulness,fullness
hindoo,hindu
anglosaxon,anglo saxon
vpon,upon
governorgeneral,governor general
shakspere,shakespeare
shal,shall
lieutenantcolonel,lieutenant colonel
indiarubber,india rubber
lastmentioned,last mentioned
oldfashioned,old fashioned
postoffice,post office
halfyearly,half yearly
sayd,said
buonaparte,bonaparte
evry,every
vicepresident,vice president
maketh,makes
mee,me
loue,love
rentcharge,rent charge
ofiice,office
suflicient,sufficient
vertue,virtue
dwellinghouse,dwelling house
loth,loath
havo,have
publichouse,public house
chancerylane,chancery lane
vith,with
wellbeing,well being
newcastleontyne,newcastle
hamburgh,hamburg
neuer,never
kyng,king
merchandize,merchandise
lieutenantgeneral,lieutenant general
som,some
courtmartial,court martial
steamengine,steam engine
giveth,gives
oflicer,officer
chuse,choose
dulness,dullness
plaintifi,plaintiff
euery,every
purchasemoney,purchase money
subjectmatter,subject matter
difliculty,difficulty
twentyfive,twenty five
sufiicient,sufficient
whic,which
villiam,william
oxfordstreet,oxford street
euer,ever
mony,money
controul,control
amendt,amend
selfdenial,self denial
therfore,therefore
postmortem,post mortem
intitled,entitled
plaintifl,plaintiff
solicitorgeneral,solicitor general
burmah,burma
followeth,follows
regentstreet,regent street
enterprize,enterprise
eoman,woman
balancesheet,balance sheet
almanack,almanac
launcelot,lancelot
taketh,takes
jewellery,jewelry
vnder,under
negociation,negotiation
mordaunt,mordant
goeth,goes
crossexamination,cross examination
maister,master
uppon,upon
ofiicer,officer
kynge,king
thei,they
diflicult,difficult
sayde,said
giue,give
highpressure,high pressure
paternosterrow,paternoster
byng,bing
ouer,over
strype,stripe
leipsic,leipzig
lieutenantgovernor,lieutenant governor
speke,speak
councell,council
thiers,theirs
difiiculty,difficulty
byelaw,bylaw
entred,entered
speaketh,speaks
countrey,country
seemeth,seems
lyme,lime
itm,item
statesgeneral,states general
liveth,lives
surprize,surprise
selfacting,self acting
iohn,john
mayne,main
postmastergeneral,postmaster general
recompence,recompense
selfgovernment,self government
therof,thereof
appeareth,appears
whome,whom
willd,willed
alledged,alleged
wyll,will
euen,even
compleat,complete
legge,leg
catholick,catholic
westm,westminster
loveth,loves
lordlieutenant,lord lieutenant
sealevel,sea level
shuld,should
myn,mine
hould,hold
reflexion,reflection
sinne,sin
lyke,like
tennant,tenant
ablebodied,able bodied
britton,briton
worketh,works
thame,thames
oflicial,official
doƒátrine,doctrine
lettres,letters
longcontinued,long continued
objectglass,object glass
strutt,strut
sittingroom,sitting room
thair,their
wth,with
halfanhour,halfhour
wyth,with
emperour,emperor
crossexamined,cross examined
governour,governor
intirely,entirely
plac,place
selfevident,self evident
verandah,veranda
wyse,wise
howse,house
whyte,white
surprized,surprised
selfsacrifice,self sacrifice
chesnut,chestnut
litle,little
bringeth,brings
secondclass,second class
brigadiergeneral,brigadier general
difiicult,difficult
fitt,fit
heauen,heaven
traflic,traffic
goodlooking,good looking
selfdefence,self defence
efiect,effect
difierent,different
morison,morrison
phaenomena,phenomena
bayle,bail
nothin,nothing
kepe,keep
bloud,blood
middleaged,middle aged
lombardstreet,lombard street
warr,war
gulph,gulf
shulde,should
proteƒátion,protection
th√©,the
daie,day
tayler,tailor
villany,villainy
dwelleth,dwells
goodhumoured,good humoured
anglosaxons,anglo saxons
dire√©ted,directed
sich,such
myght,might
wher,where
wherof,whereof
calleth,calls
standeth,stands
selfinterest,self interest
sufliciently,sufficiently
maie,may
selfrespect,self respect
corunna,coruna
shewed,showed
thay,they
goodnature,goodnatured
publickly,publicly
gaue,gave
passeth,passes
roumania,romania
basrelief,bas relief
twentyfourth,twenty fourth
quarterdeck,quarter deck
dressingroom,dressing room
willm,william
teacheth,teaches
dyd,did
rosecoloured,rose coloured
knowlege,knowledge
endd,end
neceflary,necessary
grene,green
quene,queen
wellinformed,well informed
comming,coming
abercromby,abercrombie
sheweth,shows
aboue,above
havin,having
brydges,bridges
selfcontrol,self control
tenour,tenor
bishoprick,bishopric
mansionhouse,mansion house
clerc,clerk
npon,upon
leaue,leave
wellbeloved,well beloved
landingplace,landing place
lankester,lancaster
feemed,seemed
c√¶sar,caesar
agayne,again
fieldmarshal,field marshal
ofiicial,official
jurisdiƒátion,jurisdiction
piƒáture,picture
selfpossession,self possession
remaineth,remains
conviƒátion,conviction
payd,paid
twentythird,twenty third
havannah,havana
monck,monk
firstnamed,first named
nepaul,nepal
lyne,line
twentysecond,twenty second
houshold,household
shewing,showing
moniteur,monitor
pyne,pine
encrease,increase
distin√©tion,distinction
syde,side
carlile,carlisle
longsuffering,long suffering
grammarschool,grammar school
rightangled,right angled
chetwynd,chetwind
lyingin,lying
apostacy,apostasy
trafiic,traffic
darkcoloured,dark coloured
groundfloor,ground floor
vhich,which
chimneypiece,chimney piece
giuen,given
doun,down
wedgeshaped,wedge shaped
conversazione,conversation
englijh,english
seyde,said
wonld,would
selfdenying,self denying
conviƒáted,convicted
shortlived,short lived
felfe,self
objeƒátion,objection
hidingplace,hiding place
summe,sum
embassador,ambassador
selfinduction,self induction
feesimple,fee simple
dutchess,duchess
synne,sin
errour,error
privycouncil,privy council
seyd,said
mehemet,mahomet
watercloset,water closet
openair,open air
cruell,cruel
tryal,trial
wateringplace,watering place
theym,them
markettown,market town
csesar,caesars
indiƒátment,indictment
fraunce,france
lyeth,lies
doƒçtrine,doctrine
knyght,knight
macnaghten,macnaughton
woful,woeful
traill,trail
bridgestreet,bridge street
thirtyfive,thirty five
captaingeneral,captain general
defcribed,described
agin,again
fremantle,freemantle
cruize,cruise
chearful,cheerful
fulllength,full length
garde,guard
receiveth,receives
betwene,between
heareth,hears
sufiiciently,sufficiently
queenmother,queen mother
knott,knot
batchelor,bachelor
thoso,those
stedfast,steadfast
chambre,chamber
negociate,negotiate
threequarter,three quarter
ussher,usher
deth,death
vsed,used
watersupply,water supply
beareth,bears
frend,friend
nicht,night
courtsmartial,court martial
indoeuropean,indo european
requireth,requires
knowen,known
thanne,than
unbiassed,unbiased
vorks,works
publique,public
republick,republic
dwellingplace,dwelling place
wherfore,wherefore
selfconsciousness,self consciousness
fucceeded,succeeded
cobbold,cobbled
authoritie,authority
eggshaped,egg shaped
herodot,herodotus
wyfe,wife
pleaseth,pleases
fynde,find
comyn,common
f√ºr,far
intire,entire
sweetscented,sweet scented
vertuous,virtuous
iesus,jesus
wherin,wherein
ioy,joy
cann,can
parlement,parliament
steuart,stuart
ryght,right
begg,beg
seynt,saint
halflength,half length
swedn,sweden
farreaching,far reaching
fairlie,fairly
mariage,marriage
ogilvy,ogilvie
dissertatio,dissertation
directorgeneral,director general
anfwered,answered
clere,clear
sonn,son
mothercountry,mother country
doughter,daughter
shepheard,shepherd
symon,simon
thyng,thing
poyntz,points
oeconomy,economy
warranto,warrant
produƒát,product
halfdozen,half dozen
hydepark,hyde park
shewe,show
graunted,granted
ludgatehill,ludgate hill
tenantright,tenant right
maiestie,majesty
vho,who
byles,biles
highnes,highness
tortoiseshell,tortoise shell
wellgrown,well grown
vve,we
seint,saint
mornin,morning
bruxelles,brussels
therin,therein
burialplace,burial place
timehonoured,time honoured
aflidavit,affidavit
allpowerful,all powerful
sheflield,sheffield
encreased,increased
leycester,leicester
dire√©tion,direction
comin,coming
selfpreservation,self preservation
mahommed,mohammed
sabbathday,sabbath day
heirapparent,heir apparent
scotish,scottish
sholde,should
lyttleton,littleton
mahommedan,mohammedan
watertube,water tube
twentyone,twenty one
wynter,winter
glocester,gloucester
quartermastergeneral,quartermaster general
mannor,manor
groundrent,ground rent
foxhunting,fox hunting
shold,should
distriƒát,district
wellfounded,well founded
twentyseventh,twenty seventh
iust,just
shipp,ship
secondrate,second rate
windebank,windbank
threadneedle,thread needle
beyng,being
waterlow,waterloo
cittie,city
capricorni,capricorn
poynter,pointer
werke,work
aƒçtually,actually
onlybegotten,only begotten
theis,these
yett,yet
inferiour,inferior
spratt,sprat
aiid,aid
raigne,reign
chamberlayne,chamberlain
wellformed,well formed
perfe√≥tly,perfectly
falshood,falsehood
wellwritten,well written
stopt,stopped
falleth,falls
oflicers,officers
historique,historic
lordmayor,lord mayor
holdeth,holds
wyld,wild
useth,uses
waterwheel,water wheel
o√©tober,october
truely,truly
fupported,supported
destruƒátion,destruction
peece,piece
iustice,justice
iudgement,judgement
chappel,chapel
whanne,when
thys,this
buonapart√©,bonapart
thompsn,thompson
surprizing,surprising
expresly,expressly
politick,politic
perswaded,persuaded
lyte,light
maskelyne,masculine
smale,small
fa√ßade,facade
dayly,daily
introduƒátion,introduction
surveyorgeneral,surveyor general
seruice,service
byelaws,bylaws
difierence,difference
dauid,david
m√©moires,memoirs
broadleaved,broad leaved
diuine,divine
palaeontology,paleontology
halfcrown,half crown
preferved,preserved
occafioned,occasioned
cloathing,clothing
foorth,forth
auncient,ancient
waterpower,water power
drily,dryly
groweth,grows
witte,wit
antiently,anciently
saue,save
authour,author
seeketh,seeks
sharppointed,sharp pointed
leicestersquare,leicester square
orangecoloured,orange coloured
furth,forth
peple,people
whoe,who
streight,straight
fignifies,signifies
proue,prove
chiefjustice,chief justice
bastile,bastille
pryor,prior
nyght,night
deftroyed,destroyed
hefore,before
rejeƒáted,rejected
wellestablished,well established
gairdner,gardener
agaynst,against
produƒátion,production
greatgrandson,great grandson
readymade,ready made
diocess,diocese
neverfailing,never failing
sealingwax,sealing wax
selfreliance,self reliance
sokrates,socrates
theresore,therefore
imployed,employed
everincreasing,ever increasing
eflicient,efficient
walketh,walks
greatgrandfather,great grandfather
kalendar,calendar
horsman,horseman
wellmade,well made
receiued,received
receivergeneral,receiver general
perfe√≥tion,perfection
sultaun,sultan
safetyvalve,safety valve
finegrained,fine grained
foursided,four sided
synge,sing
portugueze,portuguese
burntoffering,burnt offering
comique,comic
opake,opaque
hayle,hail
creamcoloured,cream coloured
peticion,petition
noght,nought
vicargeneral,vicar general
hateth,hates
fauour,favour
maestricht,maastricht
rnn,rna
kitchin,kitchen
fortyfive,forty five
followin,following
ballance,balance
mediumsized,medium sized
receaved,received
perswade,persuade
domestick,domestic
cutts,cuts
increafed,increased
parkstreet,park street
wherby,whereby
vvith,with
curtsey,curtsy
theie,they
deputylieutenant,deputy lieutenant
nombre,number
thenne,then
traffick,traffic
saynt,saint
lpool,spool
mene,mean
fullsized,full sized
signifieth,signifies
highspirited,high spirited
artizan,artisan
beleeve,believe
airey,airy
wellregulated,well regulated
fermor,former
vntill,until
sinn,sin
propert,property
dupleix,duplex
sauiour,saviour
publifhed,published
senatehouse,senate house
letterspatent,letter patents
commeth,comes
linnen,linen
desireth,desires
kynde,kind
hollnd,holland
leadeth,leads
freind,friend
topdressing,top dressing
vestminster,westminster
kynges,kings
affliƒátion,affliction
sute,suit
europ,europe
secresy,secrecy
himfelfe,himself
wette,wet
thynge,thing
saie,say
dire√©tly,directly
vhite,white
bethlem,bethlehem
pubhc,pubic
welldirected,well directed
entring,entering
shippe,ship
joyned,joined
blottingpaper,blotting paper
chirche,church
paynter,painter
thn,than
reftored,restored
awlshaped,awl shaped
tythe,tithe
therto,thereto
d√©bris,debris
objeƒáted,objected
garlick,garlic
euerie,every
pearshaped,pear shaped
timour,timor
whymper,whimper
doyly,doily
diflerent,different
eomans,yeoman's
marketstreet,market street
catholike,catholic
hereticks,heretics
deliuered,delivered
catalogus,catalogue
entituled,entitled
euill,evil
holliday,holiday
ninetyfive,ninety five
litel,little
daunger,danger
findeth,finds
commoncouncil,common council
f√™te,fate
publike,public
quebc,quebec
highst,highest
sendeth,sends
neyther,neither
prophane,profane
affliƒáted,afflicted
allsufficient,all sufficient
welleducated,well educated
remayne,remain
efliciency,efficiency
wych,which
fubjeft,subject
nimeguen,nijmegen
catholicks,catholics
mrypt,crypt
esquier,esquire
arifing,arriving
doubleacting,double acting
russellsquare,russell square
therfor,therefore
teatable,testable
affghanistan,afghanistan
widdow,widow
cloathed,clothed
sheuld,should
armytage,armitage
beurr√©,beurre
stopp,stop
terrour,terror
looketh,looks
contradiƒátion,contradiction
ahout,about
turneth,turns
ahd,and
fortyninth,forty ninth
commissarygeneral,commissary general
selfexistent,self existent
groomb,groom
feild,field
yeeld,yield
vednesday,wednesday
smal,small
scand,scanned
ecstacy,ecstasy
ournal,journal
deputygovernor,deputy governor
meaneth,means
whero,where
stede,stead
receiue,receive
hnd,and
consideracion,consideration
souldier,soldier
commaunded,commanded
nomber,number
hamer,hammer
afiidavit,affidavit
selfindulgence,self indulgence
aƒçtive,active
bailway,railway
hallifax,halifax
commercialroad,commercial road
compleated,completed
ofllce,office
smokingroom,smoking room
conjeƒáture,conjecture
riuer,river
thise,these
mynd,mind
confesseth,confesses
comon,common
flatt,flat
receave,receive
opprest,oppressed
selfcommand,self command
vould,would
surther,further
weill,well
yoman,yeoman
naturalborn,natural born
narrowminded,narrow minded
desyre,desire
fabrick,fabric
crossexamine,cross examine
liuing,living
vear,veer
museo,muse
chestr,chester
selfconceit,self conceit
kitchengarden,kitchen garden
iind,wind
yron,iron
diƒátionary,dictionary
whatsoeuer,whatsoever
encyclop√¶dia,encyclopedia
sommer,summer
nrwy,nary
broun,brown
wellgrounded,well grounded
govemment,government
selfrestraint,self restraint
appoynted,appointed
fupplied,supplied
twoe,two
waterlevel,water level
accordin,according
somethin,something
saluation,salvation
ariseth,arises
r√©gime,regime
narrowleaved,narrow leaved
whiteflowered,white flowered
shakespere,shakespeare
monie,money
oyl,oil
tr√ºbner,trainer
oifice,office
shakespearian,shakespearean
habuit,habit
exaƒçtly,exactly
desendant,descendant
ofiicers,officers
heven,heaven
persectly,perfectly
insuflicient,insufficient
thinkin,thinking
porchester,dorchester
necessitie,necessity
agayn,again
villiams,williams
selfconfidence,self confidence
arliament,parliament
lookin,looking
soveraigne,sovereign
trait√©,trait
aflirmed,affirmed
illtimed,ill timed
caued,caved
tranflated,translated
prayse,praise
pyle,pile
illadvised,ill advised
feparated,separated
selfcontained,self contained
artizans,artisans
selfdevotion,self devotion
vnderstand,understand
tythes,tithes
thirtysecond,thirty second
exofficio,ex officio
expences,expenses
oflices,offices
goodtempered,good tempered
wisedome,wisdom
charg√©,charge
lordshipp,lordship
monogr,monogram
countr,country
abstraƒát,abstract
selfreproach,self reproach
construƒátion,construction
produƒátive,productive
seke,seek
englilh,english
siluer,silver
poyson,poison
iar,jar
priviledge,privilege
normandie,normandy
heauenly,heavenly
threatned,threatened
instruƒátion,instruction
systema,system
chearfully,cheerfully
efiicient,efficient
halfstarved,half starved
wellconducted,well conducted
despight,despite
massachuset,massachusetts
blueeyed,blue eyed
pourtrayed,portrayed
purchafed,purchased
governours,governors
bicause,because
marocco,morocco
extreamly,extremely
lovemaking,love making
fellowcreature,fellow creature
allso,also
soveraign,sovereign
neverending,never ending
lyve,live
allo,allow
printingpress,printing press
secon,second
werk,work
horrour,horror
asternoon,afternoon
commiflion,commission
difcharged,discharged
barbier,barber
southstreet,south street
sayin,saying
overnment,government
excerpta,excerpt
clubshaped,club shaped
selfregistering,self registering
wellordered,well ordered
seruant,servant
neceflity,necessity
haslewood,hazlewood
apologie,apology
leasure,leisure
authentick,authentic
grandmaster,grand master
seuerall,several
critica,critical
descriptio,description
selfesteem,self esteem
livin,living
sylver,silver
ashcoloured,ash coloured
wholelength,whole length
lirst,first
trueth,truth
descrip,descript
manycoloured,many coloured
setled,settled
gettin,getting
farwell,farewell
catholique,catholic
eepublic,republic
plaintiif,plaintiff
togither,together
servaunt,servant
buildin,building
ractical,tactical
singleacting,single acting
northstreet,north street
diiferent,different
mayd,maid
efiiciency,efficiency
byrd,bird
dramatick,dramatic
hazael,hazel
ipswch,ipswich
distinƒçtion,distinction
selfgoverning,self governing
yarmth,warmth
highchurch,high church
onehorse,one horse
cloath,cloth
erchequer,exchequer
thyne,thine
selftaught,self taught
defcended,descended
contraƒçted,contrasted
selfwilled,self willed
instru,instruct
feilding,fielding
wellconsidered,well considered
illjudged,ill judged
goodhumouredly,good humoredly
afther,after
parlament,parliament
priuate,private
wolume,volume
maturin,maturing
halfgrown,half grown
cruizer,cruiser
reall,real
reuerence,reverence
whilest,whilst
advertize,advertise
bishopp,bishop
whyle,while
despenser,dispenser
shephard,shepherd
burthensome,burdensome
himsel,himself
wellappointed,well appointed
absol,absolve
towerstreet,tower street
workin,working
wellproportioned,well proportioned
eevolution,evolution
eleƒçtion,election
vvhat,what
wandring,wandering
despiseth,despises
spanijh,spanish
udge,judge
oxfordst,oxford
encreasing,increasing
wyllyam,william
twoedged,two edged
surpriz,surprise
selfsacrificing,self sacrificing
ambassadour,ambassador
vvhen,when
communiontable,communion table
gratious,gracious
noyse,noise
proued,proved
togeather,together
distin√©tly,distinctly
exper,expert
rejoiceth,rejoices
armourplated,armor plated
bloodvessel,blood vessel
afiected,affected
spindleshaped,spindle shaped
wellselected,well selected
universitie,university
selfcomplacency,self complacency
satissaction,satisfaction
imployment,employment
defiring,desiring
threecornered,three cornered
comyng,coming
simpleminded,simple minded
vnderstanding,understanding
letterwriter,letter writer
kidneyshaped,kidney shaped
efcaped,escaped
thirtyfifth,thirty fifth
chaunge,change
rosecolour,rose colour
bycause,because
persection,persecution
emperours,emperors
threatning,threatening
heavyarmed,heavy armed
selfpossessed,self possessed
receyved,received
expresseth,expresses
woodd,wood
prynce,prince
fleshcolour,flesh colour
falsly,falsely
comprized,comprised
deliuer,deliver
cutt,cut
particu,particule
manysided,many sided
makyng,making
warraunt,warrant
physiologie,physiology
aƒçtual,actual
subiect,subject
selfassertion,self assertion
conne√©ted,connected
acknowleged,acknowledged
strapshaped,strap shaped
evenin,evening
womman,woman
env,envy
newlyformed,new formed
brokendown,broken down
foregn,foreign
shotover,shot over
thirtysixth,thirty sixth
strawcoloured,straw coloured
portroyal,portrayal
willyam,william
increaseth,increases
longdrawn,long drawn
crieth,cries
welldeserved,well deserved
lyght,light
politicks,politics
towre,tower
dyet,diet
gouernour,governor
diffrent,different
suflice,suffice
concerneth,concerns
eug√®ne,eugene
imploy,employ
selfknowledge,self knowledge
spilsbury,spelsbury
hetween,between
warmblooded,warm blooded
contraƒáted,contrasted
anythin,anything
heretick,heretic
skie,sky
sothern,southern
ectually,actually
twigg,twig
swoln,swollen
lndia,india
hushand,husband
drynke,drink
lookt,looked
phrenzy,frenzy
arithmetick,arithmetic
illtempered,ill tempered
k√∂nig,konig
crye,cry
goolden,golden
chymistry,chemistry
hassard,hazard
smoak,smoke
maiesty,majesty
remembraunce,remembrance
√∏nt,ent
phcenix,phoenix
cloaths,clothes
sorowe,sorrow
againll,again
m√©th,math
ingland,england
beautisul,beautiful
windication,vindication
grammatik,grammatic
cheife,chief
nobilitie,nobility
r√¥le,role
iles,isles
sondry,sundry
reuenge,revenge
m√©decine,medicine
galerie,gallery
hymself,himself
ffrancis,francis
resolbr√º,resol
tyger,tiger
payre,pair
hisself,himself
francfort,frankfurt
insufiicient,insufficient
bowlinggreen,bowling green
affaire,affair
exercifed,exercised
courtezan,courtesan
prim√¢,prima
markett,market
ftrongeft,strongest
cryst,christ
inserior,inferior
whereever,wherever
speach,speech
swere,swear
nwcastl,newcastle
plowd,ploughed
myddleton,middleton
iudgment,judgement
k√∂nigsberg,konigsberg
alternatingcurrent,alternating current
aukward,awkward
bisshop,bishop
includin,including
twolight,twilight
cryer,crier
slayn,slain
impoflible,impossible
fabrik,fabric
threasurer,treasurer
u√©v,uva
allsaints,all saints
bryng,bring
blode,blood
planch√©,planch
heighth,height
delyvered,delivered
guatimala,guatemala
commaund,command
procureur,procurer
fubjecl,subject
deuotion,devotion
shepe,sheep
soueraigne,sovereign
nobleminded,noble minded
penaunce,penance
budapesth,budapest
gouernment,government
m√ºnchen,munchen
attach√©,attach
forsaid,foresaid
rivett,rivet
fearefull,fearful
efiected,effected
scotlande,scotland
h√ºbner,hibner
linn√¶us,lennius
certein,certain
suficient,sufficient
satisfaƒçtion,satisfaction
eleƒìtion,election
westindian,west indian
oxigen,oxygen
peticioner,petitioner
sussicient,sufficient
chylde,child
prosession,procession
informacion,information
execucion,execution
iourney,journey
consess,confess
ierusalem,jerusalem
afiirmed,affirmed
imperfe√≥t,imperfect
holand,holland
danghter,daughter
adjoyning,adjoining
oƒátober,october
proveth,proves
himfclf,himself
contradiƒát,contradict
sorow,sorrow
delawarr,delaware
refembling,resembling
holdernesse,holderness
m√ºll,mall
√¶gypt,egypt
beftowed,bestowed
rubrick,rubric
obferves,observes
g√ºnther,ganther
wepe,weep
proteƒáted,protected
–ºar,bar
suffred,suffered
g√©n,gan
consined,consigned
suffereth,suffers
gyven,given
r√∂v,rav
perfe√≥≈Ç,perfect
almanacks,almanacs
pidgeon,pigeon
benefitt,benefit
treasorer,treasurer
ceaseth,ceases
chymist,chemist
cercle,circle
perswasion,persuasion
√∂nis,kniss
containin,containing
fpake,spake
certeyne,certain
fraunces,france's
asoresaid,aforesaid
afcribed,ascribed
resurreƒçtion,resurrection
gothick,gothic
procede,proceed
doctour,doctor
archbishoprick,archbishopric
resused,refused
fummoned,summoned
somwhat,somewhat
mistery,mystery
sargeant,sergeant
moreouer,moreover
interestin,interesting
comission,commission
preest,priest
wrytten,written
com√©die,comedy
choyce,choice
demaunded,demanded
suspence,suspense
dupr√©,dupre
vnderstood,understood
zoologie,zoology
welbeloved,well beloved
engliih,english
understandeth,understands
arabick,arabic
wellintentioned,well intentioned
blude,blood
leetle,little
neceftary,necessary
burneth,burns
offred,offered
francklin,franklin
inftituted,instituted
physik,physic
drawin,drawing
etermity,eternity
anticatholic,anti catholic
d√ºrer,darer
mencioned,mentioned
illstarred,ill starred
ecliptick,ecliptic
enterprizing,enterprising
specifick,specific
chronique,chronic
nothyng,nothing
objeft,object
reacheth,reaches
fubjedt,subject
√¶schylus,aeschylus
charafter,character
willage,village
confliƒát,conflict
hyme,him
hall√©,hall
gentilman,gentleman
ryse,rise
sutficient,sufficient
plaintitf,plaintiff
daubign√©,daubigny
countenaunce,countenance
italien,italian
dryer,drier
dilferent,different
berryer,berrier
distraƒáted,distracted
instruƒáted,instructed
mayour,mayor
plaintif,plaintiff
fubmitted,submitted
diflerence,difference
middlefex,middlesex
anthority,authority
f√©e,fee
eramination,examination
commanderinchief,commander in chief
barristeratlaw,barrister at law
subjeƒát,subject
conduƒát,conduct
windingup,winding up
soninlaw,son in law
charaƒáter,character
brotherinlaw,brother in law
mdlle,middle
whioh,which
soudan,sudan
vhen,when
paidup,paid up
lieutcolonel,lieutenant colonel
incometax,income tax
objeƒát,object
miiller,miller
fatherinlaw,father in law
fullpage,full page
vhat,what
lhe,the
deathrate,death rate
tht,the
eome,some
slavetrade,slave trade
majorgen,major general
greateft,greatest
byandby,by and by
prayerbook,prayer book
bondstreet,bond street
coalfield,coal field
herte,hurt
aidedecamp,aide de camp
obferved,observed
hotwater,hot water
onetenth,one tenth
fliould,should
georgestreet,george street
sundayschool,sunday school
lieutgen,lieutenant general
avhich,which
kingstreet,king street
highclass,high class
landtax,land tax
aƒçtion,action
doeth,does
twentyfifth,twenty fifth
praƒçtice,practice
assistantsurgeon,assistant surgeon
ihould,should
majgen,major general
feap,seap
whieh,which
oneeighth,one eighth
consulgeneral,consul general
feems,seems
subjeƒçt,subject
menofwar,men of war
registrargeneral,registrar general
m√ºller,miller
ihall,shall
viƒátory,victory
hanoversquare,hanover square
thirtyfirst,thirty first
maior,major
victoriastreet,victoria street
faroff,far off
reddishbrown,reddish brown
sugarcane,sugar cane
poorrate,poor rate
adjutantgeneral,adjutant general
lowpressure,low pressure
lieutgeneral,lieutenant general
jhall,shall
johnstreet,john street
distin√©t,distinct
thynne,yours
illiam,william
kingstonuponhull,kingston upon hull
twentyfirst,twenty first
sisterinlaw,sister in law
verdiƒát,verdict
chapterhouse,chapter house
motherinlaw,mother in law
tlje,the
wellingtonstreet,wellington street
inspectorgeneral,inspector general
doƒçtor,doctor
inthe,in the
dep√¥t,depict
startingpoint,starting point
thirdclass,third class
illhealth,ill health
uestion,question
eussia,russia
readingroom,reading room
perfe√≥t,perfect
middleclass,middle class
angloamerican,anglo american
fhew,show
twentyfour,twenty four
firstmentioned,first mentioned
londn,london
twoyearold,two year old
burtonontrent,burton on trent
burialground,burial ground
lhall,shall
pistonrod,piston rod
eussian,russian
boilingpoint,boiling point
mwilliam,william
prefented,presented
oldestablished,old established
engineroom,engine room
dictionnaire,dictionary
propofed,proposed
conduƒáted,conducted
williamstreet,william street
dhe,the
shouldest,should
austriahungary,austria hungary
vhy,why
ection,action
lineofbattle,line of battle
mayst,may
stratfordonavon,stratford on avon
shere,share
beyrout,beirut
leadenhallstreet,leadenhall street
vestern,western
matteroffact,matter of fact
accountantgeneral,accountant general
castlestreet,castle street
focussing,focusing
selfsupporting,self supporting
twentysixth,twenty sixth
onesixth,one sixth
cavendishsquare,cavendish square
daughterinlaw,daughter in law
welldeveloped,well developed
tinplate,tin plate
albemarlestreet,albemarle street
westindia,west india
bishopsgatestreet,bishopsgate street
willian,william
fleurdelis,fleur de lis
portmansquare,portman square
fuffered,suffered
flowergarden,flower garden
mjohn,john
yellowishwhite,yellowish white
twentyeighth,twenty eighth
connectingrod,connecting rod
surgeonmajor,surgeon major
howth,how
foundationstone,foundation stone
goodsized,good sized
bellshaped,bell shaped
parliamentstreet,parliament street
fullypaid,fully paid
stumblingblock,stumbling block
objeƒçt,object
vhere,where
manyflowered,many flowered
dryd,dried
thamesstreet,thames street
againfl,against
aƒçted,affected
striƒát,strict
grosvenorsquare,grosvenor square
dinnertable,dinner table
santley,saintly
hightreason,high treason
orangeyellow,orange yellow
rearadm,rear admiral
conduitstreet,conduit street
ena√´ted,enacted
redbrown,red brown
oldworld,old world
darkbrown,dark brown
portlandplace,portland place
nnder,under
whoopingcough,whooping cough
westindies,west indies
papermoney,paper money
illtreatment,ill treatment
dire√©t,direct
stokeupontrent,stoke upon trent
sherifl,sheriff
englishspeaking,english speaking
ferved,served
dothe,does
victoriast,victoria street
burlingtonstreet,burlington street
abont,about
shoul,should
grandduke,grand duke
illdefined,ill defined
blastfurnace,blast furnace
moorgatestreet,moorgate street
sublieut,sublieutenant
dukestreet,duke street
marlboroughstreet,marlborough street
yellowishbrown,yellowish brown
wlll,will
hotair,hot air
turnpikeroad,turnpike road
weddingday,wedding day
lightcoloured,light coloured
bhould,should
contraƒçt,contract
subjeƒáts,subjects
essexstreet,essex street
wnto,unto
finlnd,finland
footandmouth,foot and mouth
barristersatlaw,barrister at low
harbord,harboured
southamptonbuildings,southhampton buildings
policecourt,police court
gasengine,gas engine
threeyearold,three year old
waterlooplace,waterloo place
bowstreet,bow street
downingstreet,downing street
reduƒátion,reduction
jhe,the
charlesstreet,charles street
lectureroom,lecture room
dressinggown,dressing gown
feized,seized
stockintrade,stock in trade
primd,primed
demosth,deems
maist,may
promifed,promised
enghsh,english
preciselydated,precisely dated
viceadmiralty,vice admiralty
refufed,refused
prayermeeting,prayer meeting
berwickupontweed,berwick upon tweed
a√©tion,action
striƒátly,strictly
vood,wood
roval,royal
arrivedfrom,arrived from
commonlaw,common law
highspeed,high spped
thofc,those
mnch,much
powre,power
threefourths,three fourths
thunb,thumb
sungod,sun god
meltingpoint,melting point
vhether,whether
operahouse,opera house
viceadm,vice admiral
praƒátice,practice
iondon,london
a√´tion,action
olivegreen,olive green
uired,wired
faƒçt,fact
proteƒát,protest
attgen,attorney general
breakfasttable,breakfast table
boardingschool,boarding school
pockethandkerchief,pocket handkerchief
sohosquare,soho square
sixsided,six sided
thcfe,these
yorkstreet,york street
caraccas,caracas
muoh,much
greenishyellow,greenish yellow
henrv,henry
lieutgovernor,lieutenant governor
englifli,english
ttie,the
gieat,great
quekett,quakes
ihey,they
ireand,ireland
incl,include
councel,counsel
alledge,allege
ustice,justice
graece,grace
hapsburg,hapsburg
sativa,sativa
aboot,about
afked,asked
mastergeneral,mastergeneral
playne,plane
onequarter,one quarter
wayte,waste
ossible,possible
tively,timely
dusseldorf,dusseldorf
repl, 
lreland,ireland
seahorse,seehorse
weardale, 
deadweight,deadweight
anatolia,anatolia
exaƒçt,exact
grosvenorstreet,grosvenor street
turkistan,turkey
biblioth√®que,bibliotheque
bestknown,best known
advocategeneral,advocate general
invernessshire,ivernessshire
infliƒáted,inflated
onboard,onboard
uptodate,up to date
righthanded,right handed
favouritism,favouritism
haif,half
uantity,quantity
halfamile,half a mile
loftier,loftier
goodnaturedly,goodnaturedly
wellworn,well worn
corre√≥t,correct
watermill,watermill
younghusband,young husband
birthrate,birth rate
strangeways,strangeways
focussed,focused
workingclass,working class
woodcarving,woodcarving
udgment,judgment
tradewind,tradewind
watercress,watercress
stigmatise,stigmatize
crownprince,crown prince
doublebarrelled,double barreled
sensitise,sensitize
eeform,reform
machinemade,machine made
lordstreet,lord street
orchardhouse,orchard house
lese,lose
thirtyninth,thirty ninth
welltimed,well timed
akademie,academy
fortysecond,forty second
r√©sum√©,resume
largeft,largest
wellmeant,well meant
everv,every
committeeroom,committee room
onetwelfth,one twelfth
articulo,article
soir√©e,soiree
dancingmaster,dancing master
goodmorning,good morning
confifted,consisted
goldmining,gold mining
wellexecuted,well executed
ironfounder,iron founder
gloucesterplace,gloucester place
overpt,overt
finsburycircus,finsburycircus
illfeeling,ill feeling
parsonagehouse,parsonage house
fitch√©e,fitchee
blueblack,blue black
andthe,and the
schalt,shall
newlydiscovered,newly discovered
maindeck,main deck
farringdonstreet,farringdon street
seein,seeing
doverstreet,dover street
goodsir,good sir
turningpoint,turning point
ren√©,rene
attornies,attorneys
allpervading,all pervading
fivepound,five pound
subjeƒátion,subjugation
commandersinchief,commanders in chief
haltingplace,halting place
heyre,hire
laboursaving,labour saving
longestablished,long established
barr√©,barre
foreignoffice,foreign office
fortythird,forty third
bodycavity,body cavity
golddust,gold dust
darkblue,dark blue
finelooking,fine looking
darkred,dark red
bonedust,bone dust
anklejoint,ankle joint
ltgeneral,lieutenant general
sutherlandshire,sutherland shire
fouryearold,four year old
moveth,move
chnrch,church
twentyseven,twenty seven
longlived,long lived
goldleaf,gold leaf
portugalstreet,portugal street
deeprooted,deep rooted
darkeyed,dark eyed
fellowservant,fellow servant
affghans,afghans
li√©ge,liege
thirtyseventh,thirty seventh
praƒçtical,practical
comptrollergeneral,comptroller general
halfholiday,half holiday
williamhenry,william henry
coalmerchant,coal merchant
liquidmanure,liquid manure
rehgion,region
thatthe,that the
deferves,deserve
selfsufficiency,self sufficiency
shortcircuited,short circuited
lowpriced,low priced
wideawake,wide awake
dininghall,dining hall
wimpolestreet,wimpole street
heroworship,hero worship
serjeanty,sergeanty
thirdrate,third rate
ifthe,if the
chrifl,christ
fawncolour,fawn colour
wellkept,well kept
delighteth,delight
twopart,two part
blueskin,blue skin
fireresisting,fire resisting
clearsighted,clear sighted
presentday,present day
dutyfree,duty free
serjeantmajor,sergeant major
railwaystation,railway station
smallflowered,small flowered
whoeer,whoever
crescentshaped,crescent shaped
sabbathschool,sabbath school
wishedfor,wished for
hampsteadroad,hampstead road
northnorthwest,north northwest
woodengraving,wood engraving
fourpart,four part
assistantsecretary,assistant secretary
shoulderjoint,shoulder joint
burlingtonhouse,burlington house
entrancehall,entrance hall
thirtyeighth,thirty eighth
threshingfloor,threshing floor
fiftyfive,fifty five
twoyear,two year
gasburner,gas burner
elbowjoint,elbow joint
boundaryline,boundary line
wellcultivated,well cultivated
newmanstreet,newman street
corre√≥tion,correction
bloomsburysquare,bloomsbury square
indigoblue,indigo blue
wellmanaged,well managed
rentfree,rent free
patentoffice,patent office
selfdestruction,self destruction
forsothe,in fact
oliveoil,olive oil
followmg,following
winchesterstreet,winchester street
drivingshaft,driving shaft
tenantfarmer,tenant farmer
abovedescribed,above described
airvessel,air vessel
onepound,one pound
waterloostreet,waterloo street
trinityhouse,trinity house
northcountry,north country
anyrate,any rate
judgeadvocate,judge advocate
staffsurgeon,staff sturgeon
imageworship,image worship
orangescarlet,orange scarlet
olivetree,olive tree
twentyeight,twenty eight
picturegallery,picture gallery
puppetshow,puppetshow
wanteth,lacks
disferent,different
steampacket,steam packet
oftrepeated,often repeated
fellowlabourer,fellow labourer
auditorgeneral,auditor general
sackvillestreet,sackville street
dressingtable,dressing table
fineft,finest
thinwalled,thin walled
fiveparted,five parted
carltonhouse,carlton house
readingbook,reading book
northamerica,north america
muzzleloading,muzzle loading
martinihenry,martini henry
thirtysix,thirty six
threecelled,three cell
ivyleaved,ivy leaved
affembled,assembled
londonstreet,london street
needleshaped,needle shaped
londou,london
vers√°,verse
povertystricken,poverty stricken
narrowgauge,narrow gauge
airdried,air dried
stronggrowing,strong growing
pocketmoney,pocket money
brigademajor,brigade major
southsouthwest,south southwestern
towncouncil,town council
fiftysix,fifty six
exprefled,exspressed
selfsufficient,self sufficient
greenishwhite,greenish white
pleasureground,pleasure ground
drainagetube,drainage tube
weakminded,weak minded
halfmile,half mile
halfadozen,half dozen
selfimposed,self imposed
tobaccopipe,tobacco pipe
infifted,insisted
sta√´l,delete
pofleffion,possession
mountstreet,mount street
presteign,prestine
horsechestnut,horse chestnut
highpitched,high pitched
threadshaped,thread shaped
graftonstreet,graton street
grosvenorplace,grosvenor place
havmg,having
selfrighteous,self righteous
fiftythird,fifty third
vicewarden,vice warden
tallowchandler,tallow chandler
twentytwo,twenty two
moneymaking,money making
handinhand,hand in hand
kngland,england
buryingplace,burying place
printseller,print seller
maratti,well intentioned
earlyflowering,early flowering
hackneyroad,hackney road
southsoutheast,south southeast
wherfor,what for
halftitle,half title
finelypowdered,finely powder
orangeflower,orange flower
selfsatisfaction,self satisfaction
westminsterabbey,westminster abbey
limejuice,lime juice
policestation,police station
hillstreet,hill street
illgotten,ill gotten
yellowflowered,yellow flowered
selfsatisfied,self satisfied
hellfire,hell fire
muchneeded,much needed
commonprayer,common prayer
hutchnsn,hutchenson
windingsheet,winding sheet
rightminded,right minded
northamerican,north american
bluegreen,blue green
coppercoloured,copper coloured
cunynghame,cunninghame
spellingbook,spelling book
yellowishred,yellowish red
rockgarden,rock garden
lordgeneral,lord general
moneyorder,money order
disserent,different
belgravesquare,belgrave square
sweetsmelling,sweet smelling
chessplayer,chess player
spinningwheel,spinning wheel
leavetaking,leave taking
largepaper,large paper
waterglass,water glass
wellremembered,well remembered
thorneycroft,thorney croft
wellripened,well ripened
eastsoutheast,east southeastern
letterwriting,letter writing
englishlatin,english latin
cheesemaking,cheese making
threeyear,three year
secretaryatwar,secretary at war
meatoffering,meat offering
serjeantatarms,sergeant arms
bracegirdle,brace girdle
kng,king
loadline,load line
steerforth,steer forth
wellbehaved,well behave
againlt,against
rootpruning,root prune
fiftytwo,fifty two
elfect,effect
zincdust,zinc dust
conviƒát,convict
fiftyninth,fifty ninth
powersul,powerful
leapyear,leap year
halfcaste,half caste
watergas,water gas
blll,bill
pitchpine,pitch pine
yellowgreen,yellow green
longleaved,long leaf
indiahouse,india house
lieutgov,lieutenant governor
eatinghouse,eat house
sooiety,society
brightside,bright side
ividend,dividend
eustonroad,euston road
ahove,above
goodday,good day
enfuing,ensuing
firtree,fir tree
feasant,peasant
brunswicksquare,brunswick square
eastnortheast,east northeast
honor√©,honor
almofl,almost
asthe,as the
twovalved,two valve
breedingseason,breeding season
heartfree,heart free
firstlieutenant,first lieutenant
divingbell,diving bell
thot,that
singlephase,single phase
policeoffice,police office
enaƒáted,enacted
singleflowered,single flower
ormondstreet,ormond street
hanoverstreet,hanover street
longdistance,long distance
charaƒìter,character
throttlevalve,throttle valve
abovemention,above mention
notcontents,not content
oneandtwenty,one twenty
sthe,the
biscop,bishop
ironfounders,iron founder
charityschool,charity school
subjeƒáted,subjegate
lron,iron
coalcutting,coal cut
catholica,catholic
eaststreet,east street
selfculture,self culture
makeup,make up
oreign,origin
lowtension,low tension
costbook,cost book
tenpound,ten pound
aberdeenangus,aberdeen angus
saintsimon,saint simon
fngland,england
screwpropeller,screw propeller
liafrica,africa
whitehallplace,whitehall place
reservefund,reserve fund
springflowering,spring flower
juiy,july
newcstl,newcastle
iand,land
posttown,post town
drinkingwater,drink water
cockspurstreet,cockspur street
courtleet,court leet
missionfield,mission field
theologica,theology
landscapepainter,landscape paint
commandinginchief,command chief
greyishbrown,grey brown
esthonia,estonia
ratebook,rate book
assemblyroom,assembly room
flowerstem,flower stem
writingdesk,writing desk
suffolkstreet,suffolk street
closefitting,close fit
preferving,preserving
bluishgrey,blue grey
selfrecording,self record
storeage,storage
oficer,officer
valvegear,valve gear
redfaced,red face
oldenglish,old english
thru,through
icecold,ice cold
selffertilised,self fertilised
twolobed,two lobed
baseplate,base plate
illventilated,ill ventilate
proven√ßal,provencial
wherupon,where upon
companv,company
seveneighths,seven eight
gasfitter,gas fitter
surfacewater,surface water
etween,between
flrong,strong
halfaninch,half inch
muchloved,much loved
boxoffice,box office
stagedirection,stage direction
wuliam,william
christiansand,christian sand
landrail,land rail
closeset,close set
eighteenthcentury,eighteenth century
weddingring,wedding ring
sulphuryellow,sulpher yellow
notbeing,not being
seafish,sea fish
sauer,sawer
loweft,lowest
baylie,bail
eflate,estate
tuberousrooted,tuberous root
caffraria,cassraria
fiist,fist
makingup,make up
pumproom,pump room
floorboard,floor board
yearold,year old
handlever,hand lever
rosepink,rose pink
thry,they
botanique,botanic
letterbook,letter book
goodfornothing,good nothing
woolstapler,wool stapler
classleader,class leader
empressqueen,empress queen
coldwater,cold water
wyffe,wife
precambrian,cambrian
fullsize,full size
attorneyatlaw,attorney law
favell,fable
mailcoach,mail coach
dryrot,dry rot
thcentury,century
packetboat,packet boat
mekka,mecca
sorethroat,sore throat
whitecrossstreet,whitecross street
fruittree,fruit tree
nineteenthcentury,nineteenth century
quarterpast,quarter past
winterborne,winter born
twohorse,two horse
coalmine,coal mine
slavegrown,slave grown
stateaided,state aid
brownred,brown red
seatrout,sea trout
postroad,post road
artjournal,art journal
risoner,prisoner
domesdaybook,domesday book
goldfinder,gold finder
corndealer,corn dealer
astronomerroyal,astronomer royal
kailway,c
gaspipe,gas pipe
governorinchief,governor chief
wheatsheaf,wheat sheaf
cravenstreet,craven street
waterlooroad,waterloo road
scriptura,scripture
transhipped,trans ship
coflin,coffin
exhib,exhibit
haldimand,w
morayshire,w
interefl,interest
appr,c
shorncliffe,c
doubleaction,double action
smallleaved,small leaf
subjeot,subject
halftide,half tide
exminister,minister
declareddated,declare date
wherunto,where to
wellconstructed,well construct
halfhours,half hour
soveral,several
churchbuilding,curch building
saltcake,salt cake
domeshaped,dome shape
margaretstreet,margaret street
fthe,the
finefoliaged,fine foliage
halfsovereign,half sovereign
waterwitch,water witch
hafe,hoarse
silverusing,silver using
handtohand,hand to hand
disciplina,discipline
erecution,erection
fireescape,fire escape
arrefted,arrested
silkcovered,silk cover
paintingroom,painting room
fecuring,securing
muchbranched,much branch
confumed,consumed
threeact,three act
fishingboat,fishing boat
doƒçtors,doctor
largeleaved,large leaf
dym,dim
selfmade,self made
passagemoney,passage money
threevolume,three volume
selfinstruction,self instruct
bleachingpowder,bleach powder
normanfrench,norman french
houfc,house
clockrate,clock rate
wellrotted,well rot
livingroom,living room
postoflice,post office
salisburycourt,salisbury court
parsonstown,parsons town
illtemper,ill temper
gamingtable,game table
bouveriestreet,bouverie street
halfpint,half pint
creusot,cerosote
roundleaved,round leaf
corollatube,corolla tube
dartrey,c
chcl,c
laomedon,c
foreigngoing,foreign going
governmenthouse,government house
glend,gland
ludgatestreet,ludgate street
ellipticoblong,elliptic oblong
wholeplate,whole plate
frederickstreet,frederick street
bibleclass,bible class
evervarying,ever vary
rathboneplace,rathbone place
leafsoil,leaf soil
pricelist,price list
meast,most
surreystreet,surrey street
morningroom,morning room
kingslandroad,kingsland road
handyside,handy side
violetblue,violet blue
wheatflour,wheat flour
selfregulating,self regulate
northroad,north road
horncolour,horn colour
wellventilated,well ventilate
musicsellers,music seller
passin,passing
castlegate,castle gate
rience,sience
√≠hall,shall
horsebreeding,horse breeding
operaglass,opera glass
foloweth,follow
towgood,tow good
thickwalled,thick walled
compressedair,compress air
doubleended,double end
partycoloured,party colour
fleshforming,flesh form
warspite,war spite
waterstreet,water street
heathcoat,heath coat
paftage,passage
grassgreen,grass green
refpedt,respect
rcafon,reason
fieldbook,field book
pur√©e,purse
smokeconsuming,smoke consume
fuited,suited
ecember,december
fhal,shall
primeminister,prime minister
summingup,summing up
ceafed,ceased
edwardstreet,edward street
greekenglish,greek english
warehousekeeper,warehouse keeper
forcinghouse,forcing house
examp,example
albionstreet,albion street
gaminghouse,game house
receptionroom,reception room
handlight,hand light
peeter,peter
seafishing,sea fish
statistik,statistic
threeleaved,three leaf
testpaper,test paper
fiftyfifth,fifty fifth
highpriced,high price
electrique,electricity
stellaland,stella land
devifed,devised
refpecl,respect
illlooking,ill look
fourinhand,four hand
iinch,inch
crossfertilisation,cross fertilisation
greenishblue,green blue
stamfordstreet,stamford street
naturalhistory,natural history
celldivision,cell division
faƒçtion,faction
lastrecited,last recited
payoffice,pay office
flne,fine
bowstead,bow stead
turkeyred,turkey red
forestbed,forest bed
mrichard,richard
fifteenthcentury,fifteenth century
wellflowered,well flower
quarterday,quarter day
moneymarket,money market
oerwhelm,overwhelm
arlingtonstreet,arlington street
gumwater,gum water
fourleaved,four leaf
peachhouse,peach house
conect,connect
confulted,consulted
landingstage,landing stage
fivefranc,five franc
appereth,appear
slavetrading,slave trading
lowmoor,low moor
gaoldelivery,jail delivery
jhesus,jesus
perct,percent
bloodclot,blood clot
newsvendor,news vendor
cleanthes,clean
eleƒçted,elected
hiflory,history
fourinch,four inch
magiclantern,magic lantern
perlb,per lb
woodspirit,wood spirit
trufted,trust
iffued,issued
fineleaved,fine leaved
confifts,consist
juflice,justice
cristes,christ
sainct,saint
covery,cover
objeƒçtion,objection
arteria,arteriac
landis,lands
joicey,joice
dinary,dinar
wiscountess,viscountess
crat,crate
fortyfifth,forty fifth
yre,ire
vatson,watson
blished,blashed
chauntry,chantry
lisbn,lisbon
palaeologus,paleologus
monypenny,moneypenny
examinacion,examination
britis,brits
feby,febo
ecroyd,mcroy
desend,descend
edwabd,edward
ounty,aunty
mycht,might
englyshe,english
remayning,remaining
sufiice,suffice
woud,would
interstitiis,interstitial
tymber,timber
prid,pride
pleasaunt,pleasant
reembarked,reembark
newnes,newness
waitingmaid,waiting maid
duely,duly
longstyled,long styled
goulden,golden
poflibly,possibly
wharfdale,wharfage
vorcester,worcester
icture,acture
canft,can
pruffia,prussia
troylus,troilus
guignes,guiggey
commun,common
lawers,lawyers
persoon,person
bhotan,bhutan
kitching,kitchen
archt,arched
direccion,direction
bequeth,bequeath
airchamber,air chamber
flrst,first
pileo,pile
indochinese,indo chinese
waiteth,waits
crouded,crowded
aray,array
chirch,church
ossession,assession
infr,infra
historiques,historic
gilliat,gillett
dorsi,dorse
wellcome,welcome
soyle,soil
choise,choice
gayety,gaiety
leauing,leaving
difpatched,dispatched
retorne,return
cace,case
rhodius,rhodium
plott,plot
sathan,satan
poyser,poiser
yonger,younger
gilby,gilb
comittee,committee
creamywhite,cream white
theare,there
impower,empower
highcoloured,high coloured
bankr,banker
vtterly,utterly
astronomische,astronomic
knaue,knave
highsounding,high sounding
mossgrown,moss grown
cytie,city
fadeth,fades
godd,god
spoyle,spoil
satisfaccion,satisfaction
nursey,nurse
beleve,believe
dire√©tors,directors
destruƒátive,destructive
januar,january
englan,england
test√°,test
vaporise,vapourise
shaykh,shaikh
mayn,main
amp√®re,ampere
condicion,condition
millingen,milling
zaire,sair
ditferent,different
scholler,scholar
countycourt,county court
oakey,oaky
twentythree,twenty three
bril,brill
fronto,front
cyte,cite
flowre,flower
colloq,colloque
beloued,beloved
chestnutbrown,chestnut brown
chancellour,chancellor
colpoys,convoys
shadbolt,shackbolt
callit,called
overptib,overpaid
soccage,saccage
fawr,far
barbata,barbate
muskett,musket
goodere,gooder
committeo,commit
possint,possent
lookeron,looker
urisdiction,jurisdiction
agri,agro
englis,english
expeƒát,expect
chavasse,charisse
southesk,southest
testd,test
barbatum,barbate
bismark,bismar
trewly,truly
knifeedge,knife edge
drouyn,droven
transaƒçtion,transaction
monarque,monarch
blaize,blaise
compleatly,completely
istrict,astrict
coorse,course
lettercarrier,letter carrier
iob,job
closegrained,close grained
siemensmartin,siemonsma
selfadjusting,self adjusting
republique,republic
thongh,though
orthumberland,northumberlan
obserued,observed
otherwyse,otherwise
vnlesse,unless
greatuncle,great uncle
norval,nerval
rayment,raiment
brightcoloured,bright coloured
rge,age
layde,laid
eulogise,eulogist
druze,druse
tendring,tendering
ajesty,majesty
ampler,ample
ciuill,civil
archeology,archaeology
fenella,fennel
holpen,helped
roduce,reduce
woodw,wood
suspition,suspicion
vindsor,windsor
personne,person
enjoyned,enjoined
scientifique,scientific
wellwatered,well watered
brauer,braver
vaporisation,vapourisation
sulficient,sufficient
sextantis,sextant
ayer,air
lipp,lip
commen,come
middest,midst
accordyng,according
joyning,joining
costis,kostis
synesius,synesis
fourme,form
wheare,where
cht,cat
trye,try
californica,california
therupon,thereupon
consirmed,confirmed
floud,flood
fourt,fourth
obovata,obovate
eustonsquare,euston square
metropolitana,metropolitan
accepit,accept
vther,uther
chancelor,chancellor
colourblind,color blind
counsail,counsel
pedunculo,peduncular
conqu,conque
maconochie,mcconchie
barbatus,barbate
addres,address
cmp,amp
suificient,sufficient
obscurus,obscurum
clissold,cissoid
signmanual,sign manual
culty,cult
cuppe,cup
grovernment,governments
hitt,hit
illconditioned,ill conditioned
portmansq,portman
standin,standing
acclimatise,acclimatize
resurre,resurrect
directcurrent,direct current
thati,that
numismata,numismatic
poema,poem
inforce,enforce
singuler,singular
complaynt,complaint
breke,break
gwydir,guider
inough,enough
noteth,notes
stipulis,stipulas
libre,librae
apostolus,apostol
choaked,choked
wellbalanced,well balanced
attenuatis,attenuating
antherae,anther
furprifed,surprised
fignifying,signifying
bewicke,bewick
btu,ctum
alternis,altern
aristodemus,aristotimus
usic,osick
aym,aim
couered,covered
nearl,nearly
kdward,edward
threesided,three sided
chooseth,chooses
consusion,confusion
diplomatique,diplomatic
ofiices,offices
fbme,fame
graeci,grayce
tolerany,tolerant
newzealand,new zealand
inforced,enforced
whenne,when
horsehoe,horsehoof
strond,strand
hedgesparrow,hedge sparrow
latyn,latin
tumbledown,tumble down
ertract,retract
zadig,cedig
valori,valorie
geobge,george
repayre,repair
tthe,the
counoil,council
weke,week
hyll,hill
dhat,that
welth,wealth
honoure,honour
wellseasoned,well seasoned
childebert,childbirth
snowcovered,snow covered
eeview,review
lykewise,likewise
wateringpot,watering pot
tym,time
conjun√©tion,conjunction
selfconjugate,self conjugate
selfreliant,self reliant
yll,ill
professeth,professes
salona,salon
feedeth,feeds
moyses,moses
lufe,love
oificer,officer
stirre,stir
schole,school
anfractibus,anfractuous
erecto,erect
eraminer,examiner
holloa,hallow
castelle,castle
wherwith,wherewith
obserue,observe
iaw,jaw
bassora,baser
terminalis,terminal
boulenger,boulanger
afcertained,ascertained
nikola,nikolai
willyams,williams
entr√©e,entree
juftified,justified
thata,that
aƒçtivity,activity
fayr,fair
yakoob,jakob
suger,sugar
watter,water
figi,fig
kynd,kind
biilow,billow
otficer,officer
dubia,dubiam
attenuata,attenuate
oferrall,ofarrell
imprifoned,imprisoned
nipal,nepal
hauen,haven
pindee,pinde
preist,priest
remayneth,remaineth
amongest,amongst
ithout,without
stovin,stoving
biihop,bishop
desault,default
servicebook,service book
distrest,distressed
apostolick,apostolic
molteno,melted
ph√¶nomena,phenomena
naturf,natur
buckeridge,puckeridge
desyred,desired
lignea,ligne
contree,country
flyingfish,flying fish
nusance,nuisance
mathematicks,mathematics
cherryred,cherry red
llewellin,llewellyn
dialogus,dialogues
labro,labre
marybone,maribone
quippe,quip
fosterbrother,foster brother
alse,also
cheare,cheer
thear,there
ahuramazda,ahura mazda
perceiue,perceive
ulation,elation
educa,educe
rowse,rouse
ferrey,ferry
gardyner,gardener
sacer,sancer
barraud,barrat
dhonneur,honneurs
lycense,licence
larwood,earwood
hfbd,hebda
horseley,horsely
ently,endly
lotonin,lotong
selfdeception,self deception
examina,examinant
belgica,belgic
lovefeast,love feast
matin√©e,matinee
horsa,horse
deat,death
inscrip,inscript
counciltable,council table
panicstricken,panic stricken
canynge,caning
iun,jun
tremens,tremend
doue,dove
righton,righten
fawncoloured,fawn coloured
oblongo,oblong
sufiolk,suffolk
labeo,lab
fpeaks,speaks
answerde,answered
largesized,large sized
corre√≥ted,corrected
longexpected,long expected
diƒátion,diction
capitalise,capitalist
sightseeing,sight seeing
lombardst,lombards
fridaystreet,friday street
helth,health
commoditie,commodity
eines,aines
exi,exie
cordatis,cordatus
perisheth,perishes
doftrine,doctrine
councilhouse,council house
relacion,relation
lualaba,lullaby
conquerour,conqueror
diƒátated,dictated
proceedin,proceeding
wilfull,wilful
aforesayd,aforesaid
waitingwoman,waiting woman
ouercome,overcome
bpon,upon
meke,meek
pecock,peacock
naturelles,naturelle
hoppe,hop
veray,very
whisht,whished
hedde,head
bridgest,bridges
ynne,in
fructu,fructum
morb,moreb
—Çhe,che
lhuys,louis
marattas,marathus
recamier,recanter
kentigern,kentigernus
ticularly,titularly
bayham,layham
euident,evident
receyve,receive
olt,old
membranacea,membrance
thth,that
folkard,folker
aflinity,affinity
shortjointed,short jointed
shortstyled,shortest
byll,bill
daught,dought
conteyning,containing
sphynx,sphinx
ryver,river
amicitia,amicitiam
expres,express
cronycle,chronicle
gifl,gift
wofully,woefully
atropos,atropous
phar,phare
prouided,provided
efiective,effective
fanu,fanum
noureddin,nuriddin
guelder,guilder
murthered,murdered
wagn,wagen
coriaceis,coriaceous
episcopis,episcopi
bigan,began
rivi√®re,riviere
aliquod,aliquot
pacience,patience
caulibus,cantibus
secretan,secreta
duxit,dixit
lecole,locale
charaƒáier,character
petraea,petrie
catholicke,catholic
ciliatis,ciliation
fivo,five
chyldren,children
vvere,were
southamptonrow,southampton
selfabasement,self abasement
aunswered,answered
doy,do
accordinglie,accordingly
geant,giant
healeth,heals
villosum,villose
morter,mortar
annaly,annal
voluit,volvit
thairof,thereof
ladychapel,lady chapel
tranfmitted,transmitted
colleƒçted,collected
pointz,points
palaeontologist,paleontologist
custodia,custodian
droysen,drowsen
trinmph,triumph
extin√©t,extinct
quatrefages,quatrefoil
moultan,moulton
postcaptain,post captain
courtray,courtrie
loseth,loses
rh√¥ne,rhine
mediseval,mediaeval
drummondi,drummond
wholsome,wholesome
clytie,clot
thankoffering,thank offering
olympius,olympics
pomel,pommel
pleasaunce,pleasance
btock,stock
jolley,jolly
etermal,eternal
certayn,certain
liheral,liberal
neverceasing,never ceasing
warwicklane,warwick lane
fiftyfour,fifty four
octantis,octant
linseedoil,linseed oil
longwinded,long winded
planus,planas
hearde,heard
pinturicchio,portovecchio
roportion,coportion
chauncellour,chancellor
forco,force
punifhed,punished
twohanded,two handed
flammarion,flammation
danse,dans
armourbearer,armor bearer
securitie,security
topick,topic
soveraine,sovereign
autumnalis,autumnal
liverpoolstreet,liverpool street
obtuso,obtuse
soeuer,soever
–≤ritish,british
blackbrown,black brown
rigge,rig
infor,inform
homceopathic,homoeopathic
wearingapparel,wearing apparel
vvho,who
collonell,colonel
cedrenus,cedrene
indogermanic,indo germanic
knighterrant,knight errant
knowled,knolled
duett,duet
fryar,friar
holp,help
agaiust,against
euermore,evermore
jeens,jeans
plese,please
verry,very
sigismunda,sigismund
blynde,blind
eafie,easy
significat,significate
endin,ending
greuze,greaze
acidi,acid
wylliam,william
therapia,therapy
hogge,hog
africk,africa
mesure,measure
delyver,deliver
ishould,should
sylke,silk
fasciatus,fasciated
chargeth,charges
ught,ought
crossexamining,cross examining
extreame,extreme
hamorrhage,hemorrhage
godfearing,god fearing
irred,ired
becauso,because
munication,medication
springwater,spring water
toppe,top
afiect,affect
euerlasting,everlasting
warious,various
prouidence,providence
vtter,utter
millon,million
keping,keeping
threedecker,three decker
frute,fruit
newlyinvented,new invented
beaute,beauty
thier,their
cyrenaica,cyrenaic
englond,england
odoratum,odorate
presencechamber,presence chamber
filleth,fills
thh,the
chearfulness,cheerfulness
pyesmith,neesmith
collonel,colonel
mauduit,maudlin
heidenhain,heiden
erample,crample
countre,country
rentroll,rent roll
bindeth,binds
elatior,elation
howre,hour
expreflion,expression
styll,still
nothink,nothing
disbrowe,disbrow
meteorol,meteor
halfround,half round
medinah,medina
flexuosa,flexuose
gethin,getting
lucidum,lucid
planck,plank
meanin,meenan
dichotoma,dichotomy
elongatus,elongatum
hardyng,harding
coarsegrained,coarse grained
brayne,brain
blanshard,blanchard
lulli,lull
obovatis,obovate
theramenes,thesame
obenreizer,oberlender
verticillata,verticilla
kingzett,kingseat
rixdollar,rix dollar
pubhshed,punished
fmalleft,smallest
enioy,enjoy
aventure,adventure
phenix,phoenix
belieue,believe
budgett,budget
resence,resen
lundie,lundy
floodtide,flood tide
waight,weight
snorro,snore
mantineia,mantinean
corregio,coraggio
miill,mill
musik,music
derbe,derby
uis,vis
ovt,out
francke,frank
commu,comma
necefiary,necessary
wondred,wondered
tenuiter,tenuity
isoud,issued
membre,member
theaet,theat
hymettus,hymeneus
ymage,image
furprized,surprised
watercarriage,water carriage
verschoyle,versch
wollen,woollen
sufiered,suffered
dansey,dans
fatt,fat
aƒátually,actually
achillis,achilles
jugement,judgement
baggs,bags
benedicti,benedict
asterwards,afterwards
uppe,up
impressum,impress
seguier,segui
syrupus,syrups
afiord,afford
counsall,counsel
whosoeuer,whosoever
pulgar,pulgarin
escalus,escalon
arifes,arrives
vashington,washington
spitta,spit
criticks,critics
welllighted,well lighted
lacquey,lackey
polygnotus,polygonous
kitton,kitten
perceyve,perceive
wrot,wrote
poration,paration
bijhop,bishop
oweth,owes
conftituted,constituted
moysey,moyse
f√∂r,far
julyl,july
interlaken,interlace
almanach,almanac
genov,genovai
almanzor,almanzar
countrv,country
whiterobed,white robed
truo,TRUE
coligni,coligny
prefcribed,prescribed
arbeit,arbeiter
odonto,odontoid
sarmatia,sarmatian
tinguished,languished
pouder,powder
anathoth,anatomy
thaisa,thais
zal,zale
polyommatus,polyommatous
discouered,discovered
bmall,small
theh,the
accountbook,account book
phryne,phrynia
illdisposed,ill disposed
trochu,troch
staffordsh,stafford
sonal,zonal
publicke,public
√¶neid,knead
erasmi,erasmian
biblioteca,bibliothec
lordlhip,lordship
statt,stat
crownoffice,crown office
baddow,bade
prudentia,prudentiam
karte,karth
comynge,coming
scriptis,script
violetcoloured,violet coloured
vellington,wellington
rayther,raether
holdich,holding
alkibiades,alcibiades
bankru,bankrupt
inclnding,including
trinitatis,trinitatem
thogh,though
liegnitz,lignite
downman,gownman
abbay,abbey
bellmetal,bell metal
simplici,simplician
academicus,academic
oompany,company
yeu,you
s√©rie,sarie
chyrche,church
chagres,charges
kronos,cronus
couege,cove
espinasse,espina
fausta,faustam
conntry,country
quellen,quillen
cheif,chief
horsedung,horse dung
shortcircuit,short circuit
countv,count
loantw,loaned
angli√¶,angli
ayloffe,aloof
jugge,jug
everblessed,ever blessed
sankara,sankar
laciniata,laciniate
barnato,barndt
knyghte,knight
stagemanager,stage manager
gezer,gazer
dificulty,difficulty
cutbill,cuthill
cleer,clear
ditficulty,difficulty
nanus,nanes
perronet,perrone
francofurti,francoeur
monkswell,monks well
depofited,deposited
lorme,lorem
centrbl,central
longit,longity
rawal,rawl
undecima,decima
ad√®le,adule
maxillaria,maxillar
similia,simila
xixth,sixth
pubuc,pubic
myjl,myall
aquaticus,aquatic
pourtray,portray
itoyal,iteral
aftyr,after
ihon,john
diarrhcea,diarrhoea
euil,evil
antennarum,antenna
bruhl,brohl
smithii,smith
postumius,postumous
arboreum,arborem
sethos,sets
shallbe,shall
amelius,emilius
lientenant,lieutenant
maharajpore,maharaj
alcmena,alcmen
athor,ather
hymselfe,himself
dialplate,dial plate
aynsley,ainsley
longstaffe,longstaff
cidaria,cidar
dupplin,dappling
schelde,scheld
parliamen,parliament
caux,cauy
letoile,lethal
portu,portum
objed,objet
nial,nil
bowater,bywater
scratton,scratting
sirname,surname
disciplinis,disciplines
nasmith,nasmyth
baptismo,baptism
vinegia,vinegar
distriot,district
steud,stead
threeway,three way
lebour,labour
wedd,wed
fortunei,fortune
attorneygen,attorney
pcrfon,pardon
gifi,giffy
greatefl,grateful
conduƒáting,conduiting
mannour,manor
reille,reilley
phrensy,frenzy
ptolemaeus,ptolomaeus
couar,covar
commiflioners,commissioners
inclofing,including
voyde,void
nabis,nabs
millstreet,mill street
armin,armine
kelat,kelt
prefumed,perfumed
kandian,candian
addiƒáted,addicted
difserent,different
ayen,again
inquis,inquest
quotidie,quoted
alread,already
licoastr,liceasto
blesseth,blesses
resartus,resorts
aliue,alive
zinci,zinc
serrulata,serrulate
clu,clum
japonicum,japonic
grosvenorsq,grosvenor
hgo,ego
beville,bevil
retourned,returned
huyshe,husche
yelv,yellow
wike,wick
chemosh,chemosis
dermod,dermody
noue,nove
verrio,verri
crimen,crimean
rideal,ridel
fivetoothed,five toothed
lythall,lethal
oddy,odd
methodus,methods
puhlic,paulic
shaen,shan
fiƒátion,fiction
thoa,thoe
gamier,gammer
bespake,bespoke
bloude,blood
victoriaroad,victori
ivimey,ivimus
reveley,revel
pistoja,pistol
shoare,shore
plesaunce,pleasance
loti,lot
sceal,sweal
tutte,tutt
rofessor,professor
ovre,our
blacas,blacks
figuier,figure
villemain,villaman
arctica,arctic
thinck,think
twophase,two phase
shunn,shun
iut,jut
halevy,hale
trenck,trench
gervis,gervas
craue,crave
resurre√≥tion,resurrection
whitvn,whiten
pompilia,pompilio
xow,sow
wisby,aisby
galopin,galapon
mhich,maich
iustly,justly
boott,boot
conftrued,construed
cuneatum,cuneated
vengeaunce,vengeance
capitata,capitate
phillott,phillet
drihten,tritten
guyenne,guienne
toge,toga
walladolid,valladolid
eug√©nie,eugenie
praet,prat
chepe,cheap
furseal,furse
ladakh,ladage
reioyce,rejoice
subulatis,subulate
tayle,tail
barents,parents
bandello,bandel
bechst,becast
chawner,chainer
callyd,called
wedderburne,wedderburn
analagous,analogous
collr,collar
surnished,furnished
jarm,yarm
woulfe,wolf
appen,uppen
motice,matice
cylindrica,cylindric
resolued,resolved
weighedin,weighed
dancestor,dancest
seoretary,secretary
pluribus,pluria's
lookerson,lookers
pedicelli,pedicellina
lindeni,linden
glyde,glide
medows,meadows
salvini,salvin
littoralis,littoral
glebehouse,glasshouse
toyle,toil
taepings,taeping
cobban,cobbin
trypho,trophy
broght,brought
leyd,laid
bornu,born
eaphael,raphael
shelah,shela
motteux,motte
d√©tat,dotate
pether,pother
watty,watt
accurst,accursed
pytheas,pytheus
carliol,carliolen
seaservice,sea service
lartet,larded
sleidan,sleiding
huloet,hulett
umbeyla,umbella
locris,locres
gatesheadontyne,gateshead
bhd,bed
ikin,akin
rimmel,rammel
courtrai,courtrie
tylden,tilden
losseas,lossius
lunatick,lunatic
remayned,remained
allardyce,allardice
majordomo,major domo
bostn,bosten
rusholme,rusholm
sichem,sachem
chingleput,chingle
earlieft,earliest
fortyeighth,forty eighth
berdoe,berdy
jeyes,jesea
sketchley,sketchily
attercliffe,undercliff
havilland,havillan
perga,berga
teulon,toulon
sattin,satin
esculenta,esculent
pedunculatis,pedunculata
sgd,sad
hoppeseyler,hoppestere
selfmurder,self murder
pauncefort,paunce
tomentosis,tomentose
vect,vecta
tipt,tipped
expedicion,expedition
aflirm,affirm
internat,intern
margary,margaryan
colleƒçtion,collection
capitulo,capitulorum
arriued,arrived
nouember,november
horlock,harlock
oooz,ooze
richlieu,richelieu
cresy,cressy
th√®se,those
caunot,cannot
defcribes,describes
peover,pevier
meran,merana
napol√©on,napoleon
earst,erst
manasses,manasse
cheal,sheal
widdin,within
allsufficiency,all sufficiency
anzeiger,achziger
beziers,bezner
couldna,could
folowed,followed
numerus,numeris
peirse,peirs
eael,yael
raany,ranny
sebaste,sebesta
chilperic,chilpericus
sparsit,spars
ablo,ablow
whinney,whin
harmodius,harmonics
stoliczka,stolinski
rosellini,roselli
selfcontradictory,self contradictory
crost,crossed
plumosa,plumose
grewgious,grievous
schamyl,schamel
aquilse,equils
urther,further
haghe,hoghe
rycharde,richard
sestini,sestina
rezin,resin
twells,dwells
tarifi,tariff
levens,leavens
blod,blood
s√©vign√©,savigny
deduƒátion,deduction
stobart,stober
mythologie,mythology
uncrystallisable,incrystallizable
inserta,insert
diffolved,dissolved
scutello,scutella
neceflarily,necessarily
freeswimming,free swimming
deseription,description
hartlaub,hartlage
stafiordshire,staffordshire
drye,dry
lutley,ledley
darmee,darm
digitata,digitate
nimrud,nimrod
bevern,beveron
desor,desir
grms,arms
cazalet,casale
tartini,tartan
pydna,pydne
torriano,dorrian
uwins,wins
cantabrigiensis,cantabrigian
bandinel,bandin
dunstanville,dunstan
limest,limes
richm,ricum
horsehoeing,horseshoeing
craterus,crater
belljar,bellair
seaserpent,sea serpent
bremridge,berridge
basali,basal
foretopmast,fore topmast
punctatum,punctatim
mawman,mammano
neart,neared
engleheart,englehart
cowdray,cowdrey
bonnycastle,long castle
soidisant,soi disant
cessio,cess
etr,aet
geinitz,heinitz
sylvaticum,sylvatic
thiere,thiery
gracilibus,grationibus
middelton,middleton
doubs,daubs
limborch,limbach
ception,caption
fostermother,foster mother
wenna,wen
fabri,fabre
riehard,richard
littlehales,littlehale
connop,cannop
knibb,knabb
measter,meister
springett,springet
schilleriana,schiller
misi,miso
tianity,inanity
simois,simo
torricelli,torricellian
thorogood,thorowgood
weazel,weasel
pulchellum,pulche
sove,soon
hald,hold
leydig,leidig
halfclosed,half closed
nervosa,nervos
idi,id
arvense,adverse
incon,incony
hippolita,hippolith
hareem,harem
stratheden,strathaven
armv,arm
planis,planas
radialis,radial
fernand,fernando
counseil,counsel
platonis,platonism
viage,voyage
herbacea,herbage
dhist,deist
pofleflion,postillion
llywarch,phylarch
markwick,rackwick
oflered,offered
levinz,levins
creevey,grieve
achard,echard
bahrein,bahrain
aldegonde,aldegondius
archbifliop,archbishop
geneeal,general
blisful,blissful
sherriff,sheriff
englijb,englin
cr√©dit,credit
conne√©tion,connection
instruƒát,instruct
exterioribus,exterior
eloi,elois
duquesne,duchesne
pennance,penance
chateauneuf,chateau
dodrine,dodrill
poetlaureate,poet laureate
agamst,agamis
chiel,shiel
casswell,caswell
eccleshill,eccleshall
seoond,second
szechuen,szechuan
seyyid,sayyed
nevir,never
groundbait,ground bait
vitious,vicious
capp,cap
ejeƒátment,ejectment
mellersh,meller
deuise,devise
pouillet,povilla
eightyfive,eighty
olitical,critical
byrde,bird
rugge,rug
conserence,conference
pedunculi,peduncular
zerlina,zarling
longiflora,multiflora
moorgatest,moorgate
hargreave,hargreaves
lineatus,lineature
luteus,lutes
alphage,alpha
searcheth,searches
mezzosoprano,mezzo soprano
battley,battle
delt,dealt
fubjedl,fabjell
messiter,messidor
severa,severam
plimouth,plymouth
folgate,vulgate
melek,melech
asiatique,asiatic
soundingboard,sounding board
contro,control
griflin,gravlin
obeid,obeyed
dramatise,dramatist
geith,geit
bienne,bien
praebrachial,postbrachial
rheede,wreede
ueb,veb
antic≈ì,antic
elianor,eleanor
ayd,aid
porquet,parquet
poultryyard,poultry
exche,exchew
usborne,osborne
walnuttree,walnut tree
xenophanes,zenophantus
matic,matice
mne,mna
filh,fila
frenoh,freno
crumwel,cromwell
somtyme,sometime
ellora,ellore
musdoc,mustac
bawtree,bawtry
volhynia,volgania
alao,ala
husbn,husband
stapleinn,stablein
praem,praemii
viour,viora
afy,afe
ishop,is
mulberrytree,mulberry tree
sutta,sutt
credner,cordner
creyke,crayke
kidston,kidstones
vers√§,vers
chinery,shiner
portglasgow,port glasgow
schame,shame
overtact,overtax
nelis,nelisse
grignan,grignon
shorland,shirland
coeflicient,coefficient
lmn,l
succes,success
majelty,majesty
lsd,lad
dimm,dim
barristerat,barrister
roederer,riederer
sufficeth,suffices
moorad,moored
palemon,paleman
smitt,smit
feyther,feather
germplasm,germ plasm
lisson,lissen
maritimus,maritime
dreadsul,dreadful
ablett,ablet
frithiof,frith
breughel,brougher
rastell,rastelli
bingh,bing
orla,orl
gloc,glock
dressingcase,dressing
vipont,vipond
seiks,seeks
cuppage,coppage
clytus,cletus
imprynted,imprinted
kilmeny,kilmany
annnm,ann
ailway,always
poterat,potera
kellet,kelleth
tenerife,teneriff
deduƒáted,deducted
sharpley,sharply
anecd,anced
aulter,alter
llon,loon
lacad√©mie,academy
croslet,crosslet
rainald,rainold
afiixed,affixed
gorgey,gorge
fische,fish
returneth,returns
bataille,battle
pectinata,pectinate
poti,pot
couthon,cauthon
thearle,thearne
nobili,nobile
knglish,english
kyngis,kings
snelus,snell
answerd,answered
treasourer,treasurer
athanas,athanasy
hiraself,hire self
avt,aut
euthydemus,euthyneura
oficial,official
proclamacion,proclamation
fetherstonhaugh,fetherston
librairie,libraries
collumpton,cullompton
dagonet,dagon
salue,salve
lennep,lenneper
mayre,mayr
milsom,malsom
tection,taction
ssible,sibble
dedly,deadly
angelcourt,angel court
furthe,forth
canadense,condense
diflance,distance
bouchain,bouchard
barlee,barley
musicroom,music room
consump,consumpt
agentleman,gentlemany
